genome	coverage	breadth	nucl_diversity	length	true_scaffolds	detected_scaffolds	coverage_median	coverage_std	coverage_SEM	breadth_minCov	breadth_expected	nucl_diversity_rarefied	conANI_reference	popANI_reference	iRep	iRep_GC_corrected	linked_SNV_count	SNV_distance_mean	r2_mean	d_prime_mean	consensus_divergent_sites	population_divergent_sites	SNS_count	SNV_count	filtered_read_pair_count	reads_unfiltered_pairs	reads_mean_PID	divergent_site_count	reads_unfiltered_reads
all_scaffolds	37.957978036058726	0.9897247001981172	0.010667449112261128	2484891	391	391	40	13.709301561605278	0.008837008097178113	0.8935579065641108	0.9999999999999972	0.009529576030089871	0.995961977919234	0.999771662146448	1.7742516884117607	False	35597.0	35.003932915695145	0.9403812678824028	0.9987474908786628	8966	507	495	30649	572719	573929	0.9910434924119204	31144	1203361
